id,comment,program,time,love,play
룰루랄라, 된장만 있으면 나도 쉐프,맛과_건강을_모~두_담은_강진_참_맛있는_된장,2021-12-20_090042,"34,746","18,666"
발가락양말, 너무 땡긴다,맛과_건강을_모~두_담은_강진_참_맛있는_된장,2021-12-20_090042,"34,746","18,666"
굴렁쇠, 알림꾸욱,맛과_건강을_모~두_담은_강진_참_맛있는_된장,2021-12-20_090042,"34,746","18,666"
룰루랄라, 깨소금,맛과_건강을_모~두_담은_강진_참_맛있는_된장,2021-12-20_090042,"34,746","18,666"
크롱, 대표님~~~🧡🧡🧡🧡🧡🧡❤❤❤❤,맛과_건강을_모~두_담은_강진_참_맛있는_된장,2021-12-20_090042,"34,746","18,666"
룰루랄라, 짜잔~~~~~,맛과_건강을_모~두_담은_강진_참_맛있는_된장,2021-12-20_090042,"34,746","18,666"
크롱, 다 해결되아부러,맛과_건강을_모~두_담은_강진_참_맛있는_된장,2021-12-20_090042,"34,746","18,666"
룰루랄라, 👏 👏 👏 👏 👏 👏,맛과_건강을_모~두_담은_강진_참_맛있는_된장,2021-12-20_090042,"34,746","18,666"
노끈, 너무 좋네요!!,맛과_건강을_모~두_담은_강진_참_맛있는_된장,2021-12-20_090042,"34,746","18,666"
웨딩마차, ㅋㅋ,맛과_건강을_모~두_담은_강진_참_맛있는_된장,2021-12-20_090042,"34,746","18,666"
크롱, 헉,맛과_건강을_모~두_담은_강진_참_맛있는_된장,2021-12-20_090042,"34,746","18,666"
크롱, 주임님,맛과_건강을_모~두_담은_강진_참_맛있는_된장,2021-12-20_090042,"34,746","18,666"
현이, 이걸로 오늘 저녁을... ㅋ,맛과_건강을_모~두_담은_강진_참_맛있는_된장,2021-12-20_090042,"34,746","18,666"
오른팔 왼팔, 고민됩니다 ㅠ,맛과_건강을_모~두_담은_강진_참_맛있는_된장,2021-12-20_090042,"34,746","18,666"
룰루랄라, 자빠져뷰러,맛과_건강을_모~두_담은_강진_참_맛있는_된장,2021-12-20_090042,"34,746","18,666"
크롱, 도망쳐,맛과_건강을_모~두_담은_강진_참_맛있는_된장,2021-12-20_090042,"34,746","18,666"
뒷마당암닭, 가격이 너무 좋네요 ,맛과_건강을_모~두_담은_강진_참_맛있는_된장,2021-12-20_090042,"34,746","18,666"
오아시스, 가성비 상당해용,맛과_건강을_모~두_담은_강진_참_맛있는_된장,2021-12-20_090042,"34,746","18,666"
크롱, 주임님 손톱도 시금치네일,맛과_건강을_모~두_담은_강진_참_맛있는_된장,2021-12-20_090042,"34,746","18,666"
크롱, ㅋㅋㅋㅋ,맛과_건강을_모~두_담은_강진_참_맛있는_된장,2021-12-20_090042,"34,746","18,666"
진토닉, 참맛있는 된장 정말 삼삼하니 맛나요,맛과_건강을_모~두_담은_강진_참_맛있는_된장,2021-12-20_090042,"34,746","18,666"
또비, 이여,맛과_건강을_모~두_담은_강진_참_맛있는_된장,2021-12-20_090042,"34,746","18,666"
룰루랄라, 대표님의 자부심~~ 👍,맛과_건강을_모~두_담은_강진_참_맛있는_된장,2021-12-20_090042,"34,746","18,666"
둥이순이, 구매했습니다~~~,맛과_건강을_모~두_담은_강진_참_맛있는_된장,2021-12-20_090042,"34,746","18,666"
크롱, 시금치네일엄지,맛과_건강을_모~두_담은_강진_참_맛있는_된장,2021-12-20_090042,"34,746","18,666"
도톨, 아니 대표님이 왜 세일링을 잘하시는건데 ㅋㅋㅋㅋㅋㅋㅋ,맛과_건강을_모~두_담은_강진_참_맛있는_된장,2021-12-20_090042,"34,746","18,666"
스폰지밥, ㅎㅎ,맛과_건강을_모~두_담은_강진_참_맛있는_된장,2021-12-20_090042,"34,746","18,666"
수박쥬스, 올,맛과_건강을_모~두_담은_강진_참_맛있는_된장,2021-12-20_090042,"34,746","18,666"
크롱, 👌👌👌👌👌👌👌👌👌,맛과_건강을_모~두_담은_강진_참_맛있는_된장,2021-12-20_090042,"34,746","18,666"
밑반찬, 너무 맘에 드네요,맛과_건강을_모~두_담은_강진_참_맛있는_된장,2021-12-20_090042,"34,746","18,666"
룰루랄라, ㅋㅋㅋㅋㅋㅋ,맛과_건강을_모~두_담은_강진_참_맛있는_된장,2021-12-20_090042,"34,746","18,666"
크롱, 그러지마쇼잉,맛과_건강을_모~두_담은_강진_참_맛있는_된장,2021-12-20_090042,"34,746","18,666"
유니, 자신감,맛과_건강을_모~두_담은_강진_참_맛있는_된장,2021-12-20_090042,"34,746","18,666"
옥수수강냉이, 가격이 정말 착하네요,맛과_건강을_모~두_담은_강진_참_맛있는_된장,2021-12-20_090042,"34,746","18,666"
크롱, 대표님 그라지마쇼잉~~~,맛과_건강을_모~두_담은_강진_참_맛있는_된장,2021-12-20_090042,"34,746","18,666"
크롱, ㅋㅋㅋㅋ,맛과_건강을_모~두_담은_강진_참_맛있는_된장,2021-12-20_090042,"34,746","18,666"
아기물티슈, 오늘은 여기다,맛과_건강을_모~두_담은_강진_참_맛있는_된장,2021-12-20_090042,"34,746","18,666"
크롱, 다같이 자빠져부러,맛과_건강을_모~두_담은_강진_참_맛있는_된장,2021-12-20_090042,"34,746","18,666"
등신대, 무조건 사야함 이건,맛과_건강을_모~두_담은_강진_참_맛있는_된장,2021-12-20_090042,"34,746","18,666"
돌맹이, 텐션 대단해요,맛과_건강을_모~두_담은_강진_참_맛있는_된장,2021-12-20_090042,"34,746","18,666"
크롱, 점점 빠져드는 대표님,맛과_건강을_모~두_담은_강진_참_맛있는_된장,2021-12-20_090042,"34,746","18,666"
악바리, 라이브방송보고 구매했어요 ,맛과_건강을_모~두_담은_강진_참_맛있는_된장,2021-12-20_090042,"34,746","18,666"
가나다라마바사, 제발 사서맛있게 먹으라고 하세용~~~,맛과_건강을_모~두_담은_강진_참_맛있는_된장,2021-12-20_090042,"34,746","18,666"
구헴, 진행 깔끔하네요,맛과_건강을_모~두_담은_강진_참_맛있는_된장,2021-12-20_090042,"34,746","18,666"
체시리아, 할인 ㅎㄷㄷ,맛과_건강을_모~두_담은_강진_참_맛있는_된장,2021-12-20_090042,"34,746","18,666"
밤안개, 멘트 너무 찰져요,맛과_건강을_모~두_담은_강진_참_맛있는_된장,2021-12-20_090042,"34,746","18,666"
크롱, 그라지마쇼잉~~~,맛과_건강을_모~두_담은_강진_참_맛있는_된장,2021-12-20_090042,"34,746","18,666"
포오, 너무 좋다~,맛과_건강을_모~두_담은_강진_참_맛있는_된장,2021-12-20_090042,"34,746","18,666"
키스미달링, 안 살수가 없어요,맛과_건강을_모~두_담은_강진_참_맛있는_된장,2021-12-20_090042,"34,746","18,666"
홍금보, 방송 매일 해주세요,맛과_건강을_모~두_담은_강진_참_맛있는_된장,2021-12-20_090042,"34,746","18,666"
kon, 현기증 나요 ㅠㅠ,맛과_건강을_모~두_담은_강진_참_맛있는_된장,2021-12-20_090042,"34,746","18,666"
도톨, 남도장터라 가능한 가격!!!,맛과_건강을_모~두_담은_강진_참_맛있는_된장,2021-12-20_090042,"34,746","18,666"
비가오는날엔, ><,맛과_건강을_모~두_담은_강진_참_맛있는_된장,2021-12-20_090042,"34,746","18,666"
아새우, 급 땡겨요..,맛과_건강을_모~두_담은_강진_참_맛있는_된장,2021-12-20_090042,"34,746","18,666"
비니, 방송 즐겁네요,맛과_건강을_모~두_담은_강진_참_맛있는_된장,2021-12-20_090042,"34,746","18,666"
크롱, 오늘방송 대박입니다,맛과_건강을_모~두_담은_강진_참_맛있는_된장,2021-12-20_090042,"34,746","18,666"
한빛나, ㅎㅎㅎ,맛과_건강을_모~두_담은_강진_참_맛있는_된장,2021-12-20_090042,"34,746","18,666"
민여린, 다른곳보다 싸고 좋네요,맛과_건강을_모~두_담은_강진_참_맛있는_된장,2021-12-20_090042,"34,746","18,666"
크롱, 즐거워부러~~~,맛과_건강을_모~두_담은_강진_참_맛있는_된장,2021-12-20_090042,"34,746","18,666"
별사랑, 좋아요,맛과_건강을_모~두_담은_강진_참_맛있는_된장,2021-12-20_090042,"34,746","18,666"
류이나, 구경하러 왔어요 ㅎㅎ ,맛과_건강을_모~두_담은_강진_참_맛있는_된장,2021-12-20_090042,"34,746","18,666"
섬, 대박이로군요~,맛과_건강을_모~두_담은_강진_참_맛있는_된장,2021-12-20_090042,"34,746","18,666"
모모노코, 남도장터는 망설이면 품절~~,맛과_건강을_모~두_담은_강진_참_맛있는_된장,2021-12-20_090042,"34,746","18,666"
가나다라마바사, 먹어보고 또사게 나중에 한번 더해주세요,맛과_건강을_모~두_담은_강진_참_맛있는_된장,2021-12-20_090042,"34,746","18,666"
은하수, 구매 수량 제한 없나요?,맛과_건강을_모~두_담은_강진_참_맛있는_된장,2021-12-20_090042,"34,746","18,666"
군고구마, 방송 잼나고 좋아요,맛과_건강을_모~두_담은_강진_참_맛있는_된장,2021-12-20_090042,"34,746","18,666"
러브쨩, 오오오오오오오,맛과_건강을_모~두_담은_강진_참_맛있는_된장,2021-12-20_090042,"34,746","18,666"
횡단보도, TV보다 잼나요,맛과_건강을_모~두_담은_강진_참_맛있는_된장,2021-12-20_090042,"34,746","18,666"
내가낑깡, 할인 넘 좋아요 ,맛과_건강을_모~두_담은_강진_참_맛있는_된장,2021-12-20_090042,"34,746","18,666"
쿠키, 진행 너무 좋아요,맛과_건강을_모~두_담은_강진_참_맛있는_된장,2021-12-20_090042,"34,746","18,666"
나는요리사, 욕심난다 증말,맛과_건강을_모~두_담은_강진_참_맛있는_된장,2021-12-20_090042,"34,746","18,666"
짜요짜요, 이 상품만 기다렸어요,맛과_건강을_모~두_담은_강진_참_맛있는_된장,2021-12-20_090042,"34,746","18,666"
사랑둥둥, d,맛과_건강을_모~두_담은_강진_참_맛있는_된장,2021-12-20_090042,"34,746","18,666"
와인순이, 완벽한데요 진짜?,맛과_건강을_모~두_담은_강진_참_맛있는_된장,2021-12-20_090042,"34,746","18,666"
별자리사수자리, 오늘은 여기다,맛과_건강을_모~두_담은_강진_참_맛있는_된장,2021-12-20_090042,"34,746","18,666"
다락방, 엄청싸넹 진짜~~,맛과_건강을_모~두_담은_강진_참_맛있는_된장,2021-12-20_090042,"34,746","18,666"
벼랑위의포뇨, 바로구매하러 가야겠네요~~슝~~,맛과_건강을_모~두_담은_강진_참_맛있는_된장,2021-12-20_090042,"34,746","18,666"
문지기문지기, 방송 잼있어요,맛과_건강을_모~두_담은_강진_참_맛있는_된장,2021-12-20_090042,"34,746","18,666"
딸기코, 구매했습니다~~~,맛과_건강을_모~두_담은_강진_참_맛있는_된장,2021-12-20_090042,"34,746","18,666"
소화기, 감사합니다~,맛과_건강을_모~두_담은_강진_참_맛있는_된장,2021-12-20_090042,"34,746","18,666"
보석, ㅋㅋㅋㅋㅋ,맛과_건강을_모~두_담은_강진_참_맛있는_된장,2021-12-20_090042,"34,746","18,666"
크롱, 오늘만큼은 된장녀~~~~,맛과_건강을_모~두_담은_강진_참_맛있는_된장,2021-12-20_090042,"34,746","18,666"
진이입니다, 선물용으로 딱이네요,맛과_건강을_모~두_담은_강진_참_맛있는_된장,2021-12-20_090042,"34,746","18,666"
별명은없음, 오늘도 매진예상!!!,맛과_건강을_모~두_담은_강진_참_맛있는_된장,2021-12-20_090042,"34,746","18,666"
카페인충전, 선구매 후시청,맛과_건강을_모~두_담은_강진_참_맛있는_된장,2021-12-20_090042,"34,746","18,666"
도톨, 한장에 깔끔하게 정리한 미대나온 남도여신 클라스! 크으~~~👍🏻👍🏻👍🏻👍🏻,맛과_건강을_모~두_담은_강진_참_맛있는_된장,2021-12-20_090042,"34,746","18,666"
따뜻한코코아, 방송중에만 할인 적용되나요??,맛과_건강을_모~두_담은_강진_참_맛있는_된장,2021-12-20_090042,"34,746","18,666"
낮도깨비, 안녕하세요,맛과_건강을_모~두_담은_강진_참_맛있는_된장,2021-12-20_090042,"34,746","18,666"
신데렐라, 반갑습니다,맛과_건강을_모~두_담은_강진_참_맛있는_된장,2021-12-20_090042,"34,746","18,666"
크롱, 아따~~~ 자빠져부러,맛과_건강을_모~두_담은_강진_참_맛있는_된장,2021-12-20_090042,"34,746","18,666"
룰루랄라, ㅋㅋㅋㅋ,맛과_건강을_모~두_담은_강진_참_맛있는_된장,2021-12-20_090042,"34,746","18,666"
까마귀, 이맛에 쇼핑해요,맛과_건강을_모~두_담은_강진_참_맛있는_된장,2021-12-20_090042,"34,746","18,666"
룰루랄라, 대표님이 없데요 방송중에만 이가격!,맛과_건강을_모~두_담은_강진_참_맛있는_된장,2021-12-20_090042,"34,746","18,666"
바다, 좋네요!!,맛과_건강을_모~두_담은_강진_참_맛있는_된장,2021-12-20_090042,"34,746","18,666"
발가락양말, 자주 해주세요,맛과_건강을_모~두_담은_강진_참_맛있는_된장,2021-12-20_090042,"34,746","18,666"
굴렁쇠, 상품 감사합니다,맛과_건강을_모~두_담은_강진_참_맛있는_된장,2021-12-20_090042,"34,746","18,666"
노끈, 와우,맛과_건강을_모~두_담은_강진_참_맛있는_된장,2021-12-20_090042,"34,746","18,666"
웨딩마차, 상품 감사해요,맛과_건강을_모~두_담은_강진_참_맛있는_된장,2021-12-20_090042,"34,746","18,666"
도톨, 남도장터와 함께하는 이 시간만 이 가격으로!!!,맛과_건강을_모~두_담은_강진_참_맛있는_된장,2021-12-20_090042,"34,746","18,666"
오른팔 왼팔, 가격 어쩔,맛과_건강을_모~두_담은_강진_참_맛있는_된장,2021-12-20_090042,"34,746","18,666"
크롱, 오늘 의상도 된장삘,맛과_건강을_모~두_담은_강진_참_맛있는_된장,2021-12-20_090042,"34,746","18,666"
뒷마당암닭, 말씀을 너무 잘하시네요,맛과_건강을_모~두_담은_강진_참_맛있는_된장,2021-12-20_090042,"34,746","18,666"
오아시스, 가성비 대단하네요,맛과_건강을_모~두_담은_강진_참_맛있는_된장,2021-12-20_090042,"34,746","18,666"
또비, 오늘 호스트분들 대박입니다,맛과_건강을_모~두_담은_강진_참_맛있는_된장,2021-12-20_090042,"34,746","18,666"
크롱, 깔맞춤입니까??,맛과_건강을_모~두_담은_강진_참_맛있는_된장,2021-12-20_090042,"34,746","18,666"
둥이순이, 구성 짱짱,맛과_건강을_모~두_담은_강진_참_맛있는_된장,2021-12-20_090042,"34,746","18,666"
스폰지밥, 멘트 너무 엄청웃기네요ㅋㅋ,맛과_건강을_모~두_담은_강진_참_맛있는_된장,2021-12-20_090042,"34,746","18,666"
크롱, 대표님한테 집중~~~ ㅋㅋㅋㅋ,맛과_건강을_모~두_담은_강진_참_맛있는_된장,2021-12-20_090042,"34,746","18,666"
수박쥬스, 져아요!!,맛과_건강을_모~두_담은_강진_참_맛있는_된장,2021-12-20_090042,"34,746","18,666"
joi, 짱짱짱,맛과_건강을_모~두_담은_강진_참_맛있는_된장,2021-12-20_090042,"34,746","18,666"
밑반찬, 기대가 됩니다,맛과_건강을_모~두_담은_강진_참_맛있는_된장,2021-12-20_090042,"34,746","18,666"
옥수수강냉이, ㅋㅋ,맛과_건강을_모~두_담은_강진_참_맛있는_된장,2021-12-20_090042,"34,746","18,666"
아기물티슈, 응원합니다 ㅋㅋ ,맛과_건강을_모~두_담은_강진_참_맛있는_된장,2021-12-20_090042,"34,746","18,666"
룰루랄라, 된장에 짐심인 대표님,맛과_건강을_모~두_담은_강진_참_맛있는_된장,2021-12-20_090042,"34,746","18,666"
등신대, 정말 좋아요~~,맛과_건강을_모~두_담은_강진_참_맛있는_된장,2021-12-20_090042,"34,746","18,666"
돌맹이, 안녕하세요,맛과_건강을_모~두_담은_강진_참_맛있는_된장,2021-12-20_090042,"34,746","18,666"
도톨, 모두 된장 신경쓰세요 대표님한테 혼남!!,맛과_건강을_모~두_담은_강진_참_맛있는_된장,2021-12-20_090042,"34,746","18,666"
악바리, 굿굿,맛과_건강을_모~두_담은_강진_참_맛있는_된장,2021-12-20_090042,"34,746","18,666"
구헴, 시간 너무 잘가요,맛과_건강을_모~두_담은_강진_참_맛있는_된장,2021-12-20_090042,"34,746","18,666"
크롱, 된장한테 그라지마쇼잉,맛과_건강을_모~두_담은_강진_참_맛있는_된장,2021-12-20_090042,"34,746","18,666"
체시리아, 선구매 후시청,맛과_건강을_모~두_담은_강진_참_맛있는_된장,2021-12-20_090042,"34,746","18,666"
밤안개, 구매인증 이벤트 있나요?,맛과_건강을_모~두_담은_강진_참_맛있는_된장,2021-12-20_090042,"34,746","18,666"
도톨, 열정적인 대표님 ㅠㅠ,맛과_건강을_모~두_담은_강진_참_맛있는_된장,2021-12-20_090042,"34,746","18,666"
포오, 구성이 너무 좋네요,맛과_건강을_모~두_담은_강진_참_맛있는_된장,2021-12-20_090042,"34,746","18,666"
키스미달링, 굿굿,맛과_건강을_모~두_담은_강진_참_맛있는_된장,2021-12-20_090042,"34,746","18,666"
홍금보, 가격짱,맛과_건강을_모~두_담은_강진_참_맛있는_된장,2021-12-20_090042,"34,746","18,666"
작은마음, 맛나보여요ㅠㅠ,맛과_건강을_모~두_담은_강진_참_맛있는_된장,2021-12-20_090042,"34,746","18,666"
kon, 기대기대,맛과_건강을_모~두_담은_강진_참_맛있는_된장,2021-12-20_090042,"34,746","18,666"
비가오는날엔, 워우우~~,맛과_건강을_모~두_담은_강진_참_맛있는_된장,2021-12-20_090042,"34,746","18,666"
아새우, 방송 매일 있나요?,맛과_건강을_모~두_담은_강진_참_맛있는_된장,2021-12-20_090042,"34,746","18,666"
비니, 가격 실화인가요,맛과_건강을_모~두_담은_강진_참_맛있는_된장,2021-12-20_090042,"34,746","18,666"
크롱, 된장 주기적으로 해주세여~~~,맛과_건강을_모~두_담은_강진_참_맛있는_된장,2021-12-20_090042,"34,746","18,666"
한빛나, 포장이 이뻐여~~~,맛과_건강을_모~두_담은_강진_참_맛있는_된장,2021-12-20_090042,"34,746","18,666"
민여린, 다음 방송은 언젠가요?,맛과_건강을_모~두_담은_강진_참_맛있는_된장,2021-12-20_090042,"34,746","18,666"
류이나, 여긴 꼭 잘됐으면 좋겠어요,맛과_건강을_모~두_담은_강진_참_맛있는_된장,2021-12-20_090042,"34,746","18,666"
섬, 최고네요 ㅎ,맛과_건강을_모~두_담은_강진_참_맛있는_된장,2021-12-20_090042,"34,746","18,666"
모모노코, 지금 당장 구매 해야겠네요~,맛과_건강을_모~두_담은_강진_참_맛있는_된장,2021-12-20_090042,"34,746","18,666"
은하수, 좋은 가격 감사합니다,맛과_건강을_모~두_담은_강진_참_맛있는_된장,2021-12-20_090042,"34,746","18,666"
군고구마, 진짜 믿고 살 수 있네요,맛과_건강을_모~두_담은_강진_참_맛있는_된장,2021-12-20_090042,"34,746","18,666"
크롱, 대표님 자꾸 다시 보내라고 하지마쇼잉,맛과_건강을_모~두_담은_강진_참_맛있는_된장,2021-12-20_090042,"34,746","18,666"
러브쨩, 역대급이네용,맛과_건강을_모~두_담은_강진_참_맛있는_된장,2021-12-20_090042,"34,746","18,666"
횡단보도, 택배사가 어딘가요?,맛과_건강을_모~두_담은_강진_참_맛있는_된장,2021-12-20_090042,"34,746","18,666"
내가낑깡, 오늘 상품 좋네요,맛과_건강을_모~두_담은_강진_참_맛있는_된장,2021-12-20_090042,"34,746","18,666"
도톨, 하트 3만개!!,맛과_건강을_모~두_담은_강진_참_맛있는_된장,2021-12-20_090042,"34,746","18,666"
쿠키, 잘 구매했어요,맛과_건강을_모~두_담은_강진_참_맛있는_된장,2021-12-20_090042,"34,746","18,666"
나는요리사, 여기 제품은 ㅇㅈ,맛과_건강을_모~두_담은_강진_참_맛있는_된장,2021-12-20_090042,"34,746","18,666"
짜요짜요, 오늘 방송 기대합니다,맛과_건강을_모~두_담은_강진_참_맛있는_된장,2021-12-20_090042,"34,746","18,666"
크롱, 택배는 씨제이 대한통운,맛과_건강을_모~두_담은_강진_참_맛있는_된장,2021-12-20_090042,"34,746","18,666"
와인순이, 근무중에 이거 사려고 방송 보고 있어요ㅎㅎ,맛과_건강을_모~두_담은_강진_참_맛있는_된장,2021-12-20_090042,"34,746","18,666"
별자리사수자리, 할인율 엄청나네요,맛과_건강을_모~두_담은_강진_참_맛있는_된장,2021-12-20_090042,"34,746","18,666"
다락방, 정말 잼있어요 ㅎㅎ,맛과_건강을_모~두_담은_강진_참_맛있는_된장,2021-12-20_090042,"34,746","18,666"
gus, 대표님 믿고 구매했어요,맛과_건강을_모~두_담은_강진_참_맛있는_된장,2021-12-20_090042,"34,746","18,666"
벼랑위의포뇨, 방송 자주 해주세요,맛과_건강을_모~두_담은_강진_참_맛있는_된장,2021-12-20_090042,"34,746","18,666"
크롱, 한국인의 힘!!!!! 된장~~~~,맛과_건강을_모~두_담은_강진_참_맛있는_된장,2021-12-20_090042,"34,746","18,666"
문지기문지기, 매일 방송 기다려요,맛과_건강을_모~두_담은_강진_참_맛있는_된장,2021-12-20_090042,"34,746","18,666"
딸기코, 여기 제품 정말 다 좋아요,맛과_건강을_모~두_담은_강진_참_맛있는_된장,2021-12-20_090042,"34,746","18,666"
룰루랄라, 냉장보관~,맛과_건강을_모~두_담은_강진_참_맛있는_된장,2021-12-20_090042,"34,746","18,666"
소화기, ㅋ,맛과_건강을_모~두_담은_강진_참_맛있는_된장,2021-12-20_090042,"34,746","18,666"
보석, 오늘도 저렴한 남도장터,맛과_건강을_모~두_담은_강진_참_맛있는_된장,2021-12-20_090042,"34,746","18,666"
크롱, 일단 숟가락 찌르믄 냉장고입니다,맛과_건강을_모~두_담은_강진_참_맛있는_된장,2021-12-20_090042,"34,746","18,666"
진이입니다, 고민은 배송만 늦출뿐이겠죠...,맛과_건강을_모~두_담은_강진_참_맛있는_된장,2021-12-20_090042,"34,746","18,666"
별명은없음, 지를까 말까,맛과_건강을_모~두_담은_강진_참_맛있는_된장,2021-12-20_090042,"34,746","18,666"
크롱, 하얀거 피면 그것만 걷어내고 먹음되요,맛과_건강을_모~두_담은_강진_참_맛있는_된장,2021-12-20_090042,"34,746","18,666"
카페인충전, 구매하기 좋은날이네요,맛과_건강을_모~두_담은_강진_참_맛있는_된장,2021-12-20_090042,"34,746","18,666"
gra, 와~~,맛과_건강을_모~두_담은_강진_참_맛있는_된장,2021-12-20_090042,"34,746","18,666"
따뜻한코코아, 믿고 사는 남도장터,맛과_건강을_모~두_담은_강진_참_맛있는_된장,2021-12-20_090042,"34,746","18,666"
신데렐라, 오래오래 팔아주세요~~,맛과_건강을_모~두_담은_강진_참_맛있는_된장,2021-12-20_090042,"34,746","18,666"
룰루랄라, 어머낫,맛과_건강을_모~두_담은_강진_참_맛있는_된장,2021-12-20_090042,"34,746","18,666"
까마귀, 남도장터 방송만 기다렸어용~,맛과_건강을_모~두_담은_강진_참_맛있는_된장,2021-12-20_090042,"34,746","18,666"
도톨, 대표님 비지니스ㅋㅋㅋㅋㅋㅋㅋㅋㅋ,맛과_건강을_모~두_담은_강진_참_맛있는_된장,2021-12-20_090042,"34,746","18,666"
HappyThinking, 오,맛과_건강을_모~두_담은_강진_참_맛있는_된장,2021-12-20_090042,"34,746","18,666"
바다, 방송 볼때마다 구매하게 되요,맛과_건강을_모~두_담은_강진_참_맛있는_된장,2021-12-20_090042,"34,746","18,666"
크롱, 지금 강진출발합니까???,맛과_건강을_모~두_담은_강진_참_맛있는_된장,2021-12-20_090042,"34,746","18,666"
발가락양말, 방송 너무 기대돼요 ,맛과_건강을_모~두_담은_강진_참_맛있는_된장,2021-12-20_090042,"34,746","18,666"
굴렁쇠, 방송 개웃김 ㅋㅋㅋㅋㅋㅋ,맛과_건강을_모~두_담은_강진_참_맛있는_된장,2021-12-20_090042,"34,746","18,666"
노끈, 남도장터 요즘 시청자 엄청 많네요 ㅎ,맛과_건강을_모~두_담은_강진_참_맛있는_된장,2021-12-20_090042,"34,746","18,666"
룰루랄라, 엇 대표님,맛과_건강을_모~두_담은_강진_참_맛있는_된장,2021-12-20_090042,"34,746","18,666"
룰루랄라, ㅋㅋㅋㅋㅋ,맛과_건강을_모~두_담은_강진_참_맛있는_된장,2021-12-20_090042,"34,746","18,666"
웨딩마차, 주문하면 언제쯤 받을 수 있을까요?,맛과_건강을_모~두_담은_강진_참_맛있는_된장,2021-12-20_090042,"34,746","18,666"
룰루랄라, 가시지 마세요 ㅋㅋㅋ,맛과_건강을_모~두_담은_강진_참_맛있는_된장,2021-12-20_090042,"34,746","18,666"
룰루랄라, 맞아요,맛과_건강을_모~두_담은_강진_참_맛있는_된장,2021-12-20_090042,"34,746","18,666"
HappyThinking, ㅋㅋㅋ,맛과_건강을_모~두_담은_강진_참_맛있는_된장,2021-12-20_090042,"34,746","18,666"
오른팔 왼팔, 배송 빨리 왔으면!!,맛과_건강을_모~두_담은_강진_참_맛있는_된장,2021-12-20_090042,"34,746","18,666"
룰루랄라, 대표님 센스,맛과_건강을_모~두_담은_강진_참_맛있는_된장,2021-12-20_090042,"34,746","18,666"
도톨, ㅋㅋㅋㅋㅋㅋㅋㅋㅋ대표님 아니고 쇼호스트죠?ㅋㅋㅋㅋ,맛과_건강을_모~두_담은_강진_참_맛있는_된장,2021-12-20_090042,"34,746","18,666"
HappyThinking, 낄끼빠빠,맛과_건강을_모~두_담은_강진_참_맛있는_된장,2021-12-20_090042,"34,746","18,666"
뒷마당암닭, 구매완료용,맛과_건강을_모~두_담은_강진_참_맛있는_된장,2021-12-20_090042,"34,746","18,666"
chr, 오옹,맛과_건강을_모~두_담은_강진_참_맛있는_된장,2021-12-20_090042,"34,746","18,666"
오아시스, 굿굿굿,맛과_건강을_모~두_담은_강진_참_맛있는_된장,2021-12-20_090042,"34,746","18,666"
크롱, 대표님 강진 지금 출발할까요??,맛과_건강을_모~두_담은_강진_참_맛있는_된장,2021-12-20_090042,"34,746","18,666"
또비, 넘 좋네요,맛과_건강을_모~두_담은_강진_참_맛있는_된장,2021-12-20_090042,"34,746","18,666"
룰루랄라, ㅎㅎㅎ,맛과_건강을_모~두_담은_강진_참_맛있는_된장,2021-12-20_090042,"34,746","18,666"
HappyThinking, 앙,맛과_건강을_모~두_담은_강진_참_맛있는_된장,2021-12-20_090042,"34,746","18,666"
크롱, ㅋㅋㅋㅋ,맛과_건강을_모~두_담은_강진_참_맛있는_된장,2021-12-20_090042,"34,746","18,666"
둥이순이, 대박나세요~,맛과_건강을_모~두_담은_강진_참_맛있는_된장,2021-12-20_090042,"34,746","18,666"
크롱, 대표님,맛과_건강을_모~두_담은_강진_참_맛있는_된장,2021-12-20_090042,"34,746","18,666"
스폰지밥, 샀음~,맛과_건강을_모~두_담은_강진_참_맛있는_된장,2021-12-20_090042,"34,746","18,666"
HappyThinking, ㅋㅋㅋ,맛과_건강을_모~두_담은_강진_참_맛있는_된장,2021-12-20_090042,"34,746","18,666"
수박쥬스, 남도장터 한번 사면 무조건 단골!!,맛과_건강을_모~두_담은_강진_참_맛있는_된장,2021-12-20_090042,"34,746","18,666"
밑반찬, 너무너무 저렴해요,맛과_건강을_모~두_담은_강진_참_맛있는_된장,2021-12-20_090042,"34,746","18,666"
옥수수강냉이, 올,맛과_건강을_모~두_담은_강진_참_맛있는_된장,2021-12-20_090042,"34,746","18,666"
윤재성, 낼 당장사야겠다,맛과_건강을_모~두_담은_강진_참_맛있는_된장,2021-12-20_090042,"34,746","18,666"
아기물티슈, 알림꾸욱,맛과_건강을_모~두_담은_강진_참_맛있는_된장,2021-12-20_090042,"34,746","18,666"
크롱, 배송받는날 된장찌게파티합니다,맛과_건강을_모~두_담은_강진_참_맛있는_된장,2021-12-20_090042,"34,746","18,666"
등신대, 라방 혜택 짱인듯,맛과_건강을_모~두_담은_강진_참_맛있는_된장,2021-12-20_090042,"34,746","18,666"
HappyThinking, 대표님 성함궁금~,맛과_건강을_모~두_담은_강진_참_맛있는_된장,2021-12-20_090042,"34,746","18,666"
돌맹이, 방송 살아있네요,맛과_건강을_모~두_담은_강진_참_맛있는_된장,2021-12-20_090042,"34,746","18,666"
권명선, 진짜 잘먹구 있어요 😊😊,맛과_건강을_모~두_담은_강진_참_맛있는_된장,2021-12-20_090042,"34,746","18,666"
악바리, 남도 음식은 정말 늘 싱싱해요,맛과_건강을_모~두_담은_강진_참_맛있는_된장,2021-12-20_090042,"34,746","18,666"
구헴, 남는게 있어요?,맛과_건강을_모~두_담은_강진_참_맛있는_된장,2021-12-20_090042,"34,746","18,666"
크롱, 🥣🥣🥣🥣🥣🥣🥣🥣🥣🥣🥣,맛과_건강을_모~두_담은_강진_참_맛있는_된장,2021-12-20_090042,"34,746","18,666"
도톨, 보내지마~~~~,맛과_건강을_모~두_담은_강진_참_맛있는_된장,2021-12-20_090042,"34,746","18,666"
룰루랄라, 다시보내지 말아요 ㅋㅋ,맛과_건강을_모~두_담은_강진_참_맛있는_된장,2021-12-20_090042,"34,746","18,666"
체시리아, 가격 대단하네요,맛과_건강을_모~두_담은_강진_참_맛있는_된장,2021-12-20_090042,"34,746","18,666"
크롱, 그라지마소,맛과_건강을_모~두_담은_강진_참_맛있는_된장,2021-12-20_090042,"34,746","18,666"
밤안개, 구성 알차다,맛과_건강을_모~두_담은_강진_참_맛있는_된장,2021-12-20_090042,"34,746","18,666"
HappyThinking, 자신감 빵빵,맛과_건강을_모~두_담은_강진_참_맛있는_된장,2021-12-20_090042,"34,746","18,666"
포오, 오!!!,맛과_건강을_모~두_담은_강진_참_맛있는_된장,2021-12-20_090042,"34,746","18,666"
룰루랄라, 대표님 짱!!!!!,맛과_건강을_모~두_담은_강진_참_맛있는_된장,2021-12-20_090042,"34,746","18,666"
키스미달링, 워어,맛과_건강을_모~두_담은_강진_참_맛있는_된장,2021-12-20_090042,"34,746","18,666"
진토닉, 주문완료,맛과_건강을_모~두_담은_강진_참_맛있는_된장,2021-12-20_090042,"34,746","18,666"
크롱, 대표님 방송을 아시는분,맛과_건강을_모~두_담은_강진_참_맛있는_된장,2021-12-20_090042,"34,746","18,666"
도톨, 대표님이 호스트야? ㅋㅋㅋㅋㅋㅋ 정리까지 하셬ㅋㅋㅋㅋ,맛과_건강을_모~두_담은_강진_참_맛있는_된장,2021-12-20_090042,"34,746","18,666"
홍금보, 굿,맛과_건강을_모~두_담은_강진_참_맛있는_된장,2021-12-20_090042,"34,746","18,666"
HappyThinking, 윤대식대표님 짱~~,맛과_건강을_모~두_담은_강진_참_맛있는_된장,2021-12-20_090042,"34,746","18,666"
kon, 텐션 대단해요,맛과_건강을_모~두_담은_강진_참_맛있는_된장,2021-12-20_090042,"34,746","18,666"
고고링, ㅋㅋㅋㅋ,맛과_건강을_모~두_담은_강진_참_맛있는_된장,2021-12-20_090042,"34,746","18,666"
jelsexy, 수고하셨습니다,맛과_건강을_모~두_담은_강진_참_맛있는_된장,2021-12-20_090042,"34,746","18,666"
비가오는날엔, 아직 상품있나요?,맛과_건강을_모~두_담은_강진_참_맛있는_된장,2021-12-20_090042,"34,746","18,666"
아새우, 상품 여유 있나요?,맛과_건강을_모~두_담은_강진_참_맛있는_된장,2021-12-20_090042,"34,746","18,666"
비니, 매일 여기서만 사게 되네요,맛과_건강을_모~두_담은_강진_참_맛있는_된장,2021-12-20_090042,"34,746","18,666"
진토닉, 윤대표님 멋집니다.,맛과_건강을_모~두_담은_강진_참_맛있는_된장,2021-12-20_090042,"34,746","18,666"
진토닉, 대박나세요,맛과_건강을_모~두_담은_강진_참_맛있는_된장,2021-12-20_090042,"34,746","18,666"
한빛나, 자꾸 사네 ㅠ,맛과_건강을_모~두_담은_강진_참_맛있는_된장,2021-12-20_090042,"34,746","18,666"
권명선, 대표님 짱❤❤❤,맛과_건강을_모~두_담은_강진_참_맛있는_된장,2021-12-20_090042,"34,746","18,666"
HappyThinking, 짝짝짝 짝짝짝,맛과_건강을_모~두_담은_강진_참_맛있는_된장,2021-12-20_090042,"34,746","18,666"
민여린, 매번 기대되요,맛과_건강을_모~두_담은_강진_참_맛있는_된장,2021-12-20_090042,"34,746","18,666"
크롱, 너무 재미있어요,맛과_건강을_모~두_담은_강진_참_맛있는_된장,2021-12-20_090042,"34,746","18,666"
류이나, 남도장터만 봅니다,맛과_건강을_모~두_담은_강진_참_맛있는_된장,2021-12-20_090042,"34,746","18,666"
섬, 가격 순하네요,맛과_건강을_모~두_담은_강진_참_맛있는_된장,2021-12-20_090042,"34,746","18,666"
도톨, 고생하셨어요~~~,맛과_건강을_모~두_담은_강진_참_맛있는_된장,2021-12-20_090042,"34,746","18,666"
Lotus, 💗💗💗수고하셨습니다 🤗🤗🤗,맛과_건강을_모~두_담은_강진_참_맛있는_된장,2021-12-20_090042,"34,746","18,666"
룰루랄라, 수고하셨어요,맛과_건강을_모~두_담은_강진_참_맛있는_된장,2021-12-20_090042,"34,746","18,666"
모모노코, 좋아요,맛과_건강을_모~두_담은_강진_참_맛있는_된장,2021-12-20_090042,"34,746","18,666"
크롱, 수고하셨습니다,맛과_건강을_모~두_담은_강진_참_맛있는_된장,2021-12-20_090042,"34,746","18,666"
HappyThinking, 빠이빠이,맛과_건강을_모~두_담은_강진_참_맛있는_된장,2021-12-20_090042,"34,746","18,666"
은하수, 가격이 정말 착하네요,맛과_건강을_모~두_담은_강진_참_맛있는_된장,2021-12-20_090042,"34,746","18,666"
현이, 할인 끝~,맛과_건강을_모~두_담은_강진_참_맛있는_된장,2021-12-20_090042,"34,746","18,666"
